F;BRK;BRKSET;SEQRUN;PLATE;RAW;XYLAN;SEAWEED;FERMENTED;SUBSTRATE;ANIMAL;DONOR;UNIQUES;UNIQUES2;BIOLEC
1;BRK83;1;1;1;Rapeseed;n;n;Unfermented;C100;Human;A;C100 HumanA;C100 HumanA 1;HB3
2;BRK9;1;2;3;Rapeseed;n;n;Unfermented;C100;Human;A;C100 HumanA;C100 HumanA 2;HB4
3;BRK82;1;1;1;Rapeseed;n;n;Unfermented;C100;Human;B;C100 HumanB;C100 HumanB 3;HB3
4;BRK10;1;2;3;Rapeseed;n;n;Unfermented;C100;Human;B;C100 HumanB;C100 HumanB 4;HB4
5;BRK43;1;2;3;Rapeseed;n;n;Unfermented;C100;Human;A;C100 HumanA;C100 HumanA 5;B6M
6;BRK30;1;1;1;Rapeseed;n;n;Unfermented;C100;Human;C;C100 HumanC;C100 HumanC 6;HB1
7;BRK54;1;1;1;RapeseedSeaweed;n;y;Unfermented;C1199;Human;A;C1199 HumanA;C1199 HumanA 7;HB2
8;BRK81;1;1;1;Rapeseed;n;y;Unfermented;C1199;Human;A;C1199 HumanA;C1199 HumanA 8;HB3
9;BRK35;1;2;3;Rapeseed;n;n;Unfermented;C100;Human;B;C100 HumanB;C100 HumanB 9;HB5
10;BRK11;1;2;3;RapeseedSeaweed;n;y;Unfermented;C1199;Human;B;C1199 HumanB;C1199 HumanB 10;HB4
11;BRK80;1;1;1;Rapeseed;n;y;Unfermented;C1199;Human;C;C1199 HumanC;C1199 HumanC 11;HB3
12;BRK28;1;1;1;RapeseedSeaweed;n;y;Unfermented;C1199;Human;C;C1199 HumanC;C1199 HumanC 12;HB1
13;BRK29;1;2;3;Soybean;n;n;Unfermented;C200;Human;A;C200 HumanA;C200 HumanA 13;HB5
14;BRK30;1;2;3;Soybean;n;n;Unfermented;C200;Human;A;C200 HumanA;C200 HumanA 14;HB5
15;BRK78;1;1;1;Soybean;n;n;Unfermented;C200;Human;B;C200 HumanB;C200 HumanB 15;HB3
16;BRK79;1;1;1;Soybean;n;n;Unfermented;C200;Human;B;C200 HumanB;C200 HumanB 16;HB3
17;BRK45;1;2;3;Soybean;n;n;Unfermented;C200;Human;C;C200 HumanC;C200 HumanC 17;B6M
18;BRK29;1;1;1;Soybean;n;n;Unfermented;C200;Human;C;C200 HumanC;C200 HumanC 18;HB1
19;BRK26;1;1;1;SoybeanSeaweed;n;y;Unfermented;C2299;Human;A;C2299 HumanA;C2299 HumanA 19;HB1
20;BRK77;1;1;1;Soybean;n;y;Unfermented;C2299;Human;A;C2299 HumanA;C2299 HumanA 20;HB3
21;BRK25;1;2;3;SoybeanSeaweed;n;y;Unfermented;C2299;Human;B;C2299 HumanB;C2299 HumanB 21;HB5
22;BRK12;1;2;3;SoybeanSeaweed;n;y;Unfermented;C2299;Human;B;C2299 HumanB;C2299 HumanB 22;HB4
23;BRK25;1;1;1;SoybeanSeaweed;n;y;Unfermented;C2299;Human;C;C2299 HumanC;C2299 HumanC 23;HB1
24;BRK27;1;1;1;SoybeanSeaweed;n;y;Unfermented;C2299;Human;C;C2299 HumanC;C2299 HumanC 24;HB1
25;BRK76;1;1;1;Rapeseed;n;n;Fermented;EP100;Human;A;EP100 HumanA;EP100 HumanA 25;HB3
26;BRK21;1;1;1;Rapeseed;n;n;Fermented;EP100;Human;A;EP100 HumanA;EP100 HumanA 26;HB1
27;BRK8;1;2;3;Rapeseed;n;n;Fermented;EP100;Human;B;EP100 HumanB;EP100 HumanB 27;HB4
28;BRK42;1;2;3;Rapeseed;n;n;Fermented;EP100;Human;B;EP100 HumanB;EP100 HumanB 28;B6M
29;BRK7;1;2;3;Rapeseed;n;y;Fermented;EP100;Human;C;EP100 HumanC;EP100 HumanC 29;HB4
30;BRK6;1;2;3;Rapeseed;n;n;Fermented;EP100;Human;C;EP100 HumanC;EP100 HumanC 30;HB4
31;BRK5;1;2;3;RapeseedSeaweed;n;y;Fermented;EP1199;Human;A;EP1199 HumanA;EP1199 HumanA 31;HB4
32;BRK75;1;1;1;Rapeseed;n;y;Fermented;EP1199;Human;A;EP1199 HumanA;EP1199 HumanA 32;HB3
33;BRK4;1;2;3;RapeseedSeaweed;n;y;Fermented;EP1199;Human;B;EP1199 HumanB;EP1199 HumanB 33;HB4
34;BRK20;1;1;1;RapeseedSeaweed;n;y;Fermented;EP1199;Human;B;EP1199 HumanB;EP1199 HumanB 34;HB1
35;BRK74;1;1;1;Rapeseed;n;y;Fermented; EP1199;Human;C; EP1199 HumanC; EP1199 HumanC 35;HB3
36;BRK18;1;1;1;RapeseedSeaweed;n;y;Fermented; EP1199;Human;C; EP1199 HumanC; EP1199 HumanC 36;HB1
37;BRK70;1;1;1;Soybean;n;n;Fermented;EP200;Human;A;EP200 HumanA;EP200 HumanA 37;HB3
38;BRK73;1;1;1;Soybean;n;n;Fermented;EP200;Human;A;EP200 HumanA;EP200 HumanA 38;HB3
39;BRK53;1;1;1;Soybean;n;n;Fermented;EP200;Human;B;EP200 HumanB;EP200 HumanB 39;HB2
40;BRK40;1;2;3;Soybean;n;n;Fermented;EP200;Human;B;EP200 HumanB;EP200 HumanB 40;B6M
41;BRK34;1;2;3;Soybean;n;n;Fermented;EP200;Human;C;EP200 HumanC;EP200 HumanC 41;HB5
42;BRK46;1;2;3;Soybean;n;n;Fermented;EP200;Human;C;EP200 HumanC;EP200 HumanC 42;B6M
43;BRK14;1;1;1;SoybeanSeaweed;n;y;Fermented;EP2299;Human;A;EP2299 HumanA;EP2299 HumanA 43;HB1
44;BRK3;1;2;3;SoybeanSeaweed;n;y;Fermented;EP2299;Human;A;EP2299 HumanA;EP2299 HumanA 44;HB4
45;BRK15;1;1;1;SoybeanSeaweed;n;y;Fermented;EP2299;Human;B;EP2299 HumanB;EP2299 HumanB 45;HB1
46;BRK69;1;1;1;SoybeanSeaweed;n;y;Fermented;EP2299;Human;B;EP2299 HumanB;EP2299 HumanB 46;HB3
47;BRK33;1;2;3;SoybeanSeaweed;n;y;Fermented;EP2299;Human;C;EP2299 HumanC;EP2299 HumanC 47;HB5
48;BRK52;1;1;1;SoybeanSeaweed;n;y;Fermented;EP2299;Human;C;EP2299 HumanC;EP2299 HumanC 48;HB2
49;BRK68;1;1;1;SoybeanSeaweed;n;y;Fermented;EP2299;Human;A;EP2299 HumanA;EP2299 HumanA 49;HB3
50;BRK55;1;1;1;Xylan;y;n;Xylan;XYL1;Human;A;XYL1 HumanA;XYL1 HumanA 50;HB3
51;BRK15;1;2;3;Xylan;y;n;Xylan;XYL1;Human;B;XYL1 HumanB;XYL1 HumanB 51;HB5
52;BRK89;1;1;1;Xylan;y;n;Xylan;XYL1;Human;B;XYL1 HumanB;XYL1 HumanB 52;HB4
53;BRK36;1;1;1;Xylan;y;n;Xylan;XYL1;Human;C;XYL1 HumanC;XYL1 HumanC 53;HB2
54;BRK37;1;1;1;Xylan;y;n;Xylan;XYL1;Human;C;XYL1 HumanC;XYL1 HumanC 54;HB2
55;BRK88;1;1;1;Xylan;y;n;Xylan;XYL2;Human;A;XYL2 HumanA;XYL2 HumanA 55;HB4
56;BRK32;1;1;1;Xylan;y;n;Xylan;XYL2;Human;A;XYL2 HumanA;XYL2 HumanA 56;HB2
57;BRK1;1;1;1;Xylan;y;n;Xylan;XYL2;Human;B;XYL2 HumanB;XYL2 HumanB 57;HB1
58;BRK35;1;1;1;Xylan;y;n;Xylan;XYL2;Human;B;XYL2 HumanB;XYL2 HumanB 58;HB2
59;BRK87;1;1;1;Xylan;y;n;Xylan;XYL2;Human;C;XYL2 HumanC;XYL2 HumanC 59;HB4
60;BRK20;1;2;3;Xylan;y;n;Xylan;XYL2;Human;C;XYL2 HumanC;XYL2 HumanC 60;HB5
61;BRK46;1;1;1;Xylan;y;n;Xylan;XYLC;Human;A;XYLC HumanA;XYLC HumanA 61;HB2
62;BRK12;1;1;1;Xylan;y;n;Xylan;XYLC;Human;A;XYLC HumanA;XYLC HumanA 62;HB1
63;BRK18;1;2;3;Xylan;y;n;Xylan;XYLC;Human;B;XYLC HumanB;XYLC HumanB 63;HB5
64;BRK10;1;1;1;Xylan;y;n;Xylan;XYLC;Human;B;XYLC HumanB;XYLC HumanB 64;HB1
65;BRK44;1;1;1;Xylan;y;n;Xylan;XYLC;Human;C;XYLC HumanC;XYLC HumanC 65;HB2
66;BRK67;1;1;1;Xylan;y;n;Xylan;XYLC;Human;C;XYLC HumanC;XYLC HumanC 66;HB3
67;BRK6;1;1;1;XylanRapeseed;y;n;Fermented;XYL1EP100;Human;A;XYL1 EP100 HumanA;XYL1 EP100 HumanA 67;HB1
68;BRK42;1;1;1;XylanRapeseed;y;n;Fermented;XYL1EP100;Human;B;XYL1 EP100 HumanB;XYL1 EP100 HumanB 68;HB2
69;BRK28;1;2;3;XylanSoybean;y;n;Fermented;XYL1EP100;Human;B;XYL1 EP100 HumanB;XYL1 EP100 HumanB 69;HB5
70;BRK43;1;1;1;XylanRapeseed;y;n;Fermented;XYL1EP100;Human;B;XYL1 EP100 HumanB;XYL1 EP100 HumanB 70;HB2
71;BRK38;1;1;1;XylanRapeseed;y;n;Fermented;XYL1EP100;Human;C;XYL1 EP100 HumanC;XYL1 EP100 HumanC 71;HB2
72;BRK44;1;2;3;XylanSoybean;y;n;Fermented;XYL1EP100;Human;C;XYL1 EP100 HumanC;XYL1 EP100 HumanC 72;B6M
73;BRK61;1;1;1;XylanRapeseedSeaweed;y;y;Fermented;XYL1EP1199;Human;A;XYL1 EP1199 HumanA;XYL1 EP1199 HumanA 73;HB3
74;BRK40;1;1;1;XylanRapeseedSeaweed;y;y;Fermented;XYL1EP1199;Human;A;XYL1 EP1199 HumanA;XYL1 EP1199 HumanA 74;HB2
75;BRK4;1;1;1;XylanRapeseedSeaweed;y;y;Fermented;XYL1EP1199;Human;B;XYL1 EP1199 HumanB;XYL1 EP1199 HumanB 75;HB1
76;BRK58;1;1;1;XylanRapeseedSeaweed;y;y;Fermented;XYL1EP1199;Human;B;XYL1 EP1199 HumanB;XYL1 EP1199 HumanB 76;HB3
77;BRK8;1;1;1;XylanRapeseedSeaweed;y;y;Fermented;XYL1EP1199;Human;C;XYL1 EP1199 HumanC;XYL1 EP1199 HumanC 77;HB1
78;BRK59;1;1;1;XylanRapeseedSeaweed;y;y;Fermented;XYL1EP1199;Human;C;XYL1 EP1199 HumanC;XYL1 EP1199 HumanC 78;HB3
79;BRK21;1;2;3;XylanSoybean;y;n;Fermented;XYL1EP200;Human;A;XYL1 EP200 HumanA;XYL1 EP200 HumanA 79;HB5
80;BRK7;1;1;1;XylanSoybean;y;n;Fermented;XYL1EP200;Human;A;XYL1 EP200 HumanA;XYL1 EP200 HumanA 80;HB1
81;BRK57;1;1;1;XylanSoybean;y;n;Fermented;XYL1EP200;Human;B;XYL1 EP200 HumanB;XYL1 EP200 HumanB 81;HB3
82;BRK91;1;1;1;XylanSoybean;y;n;Fermented;XYL1EP200;Human;B;XYL1 EP200 HumanB;XYL1 EP200 HumanB 82;HB4
84;BRK39;1;1;1;XylanSoybean;y;n;Fermented;XYL1EP200;Human;C;XYL1 EP200 HumanC;XYL1 EP200 HumanC 84;HB2
85;BRK5;1;1;1;XylanSoybeanSeaweed;y;y;Fermented;XYL1EP2299;Human;A;XYL1 EP2299 HumanA;XYL1 EP2299 HumanA 85;HB1
86;BRK41;1;1;1;XylanSoybeanSeaweed;y;y;Fermented;XYL1EP2299;Human;A;XYL1 EP2299 HumanA;XYL1 EP2299 HumanA 86;HB2
87;BRK90;1;1;1;XylanSoybean;y;y;Fermented;XYL1EP2299;Human;B;XYL1 EP2299 HumanB;XYL1 EP2299 HumanB 87;HB4
88;BRK60;1;1;1;XylanSoybeanSeaweed;y;y;Fermented;XYL1EP2299;Human;B;XYL1 EP2299 HumanB;XYL1 EP2299 HumanB 88;HB3
89;BRK39;1;2;3;XylanSoybeanSeaweed;y;y;Fermented;XYL1EP2299;Human;C;XYL1 EP2299 HumanC;XYL1 EP2299 HumanC 89;B6M
90;BRK22;1;1;1;Rapeseed;n;n;Fermented;EP100;Human;C;EP100 HumanC;EP100 HumanC 90;HB1
91;BRK19;1;2;3;RapeseedSeaweed;n;y;Fermented;EP1199;Human;A;EP1199 HumanA;EP1199 HumanA 91;HB5
92;BRK19;1;1;1;RapeseedSeaweed;n;y;Fermented;EP1199;Human;A;EP1199 HumanA;EP1199 HumanA 92;HB1
93;BRK34;1;1;1;XylanRapeseed;y;n;Fermented;XYL2EP100;Human;B;XYL2EP100 HumanB;XYL2EP100 HumanB 93;HB2
94;BRK17;1;1;1;RapeseedSeaweed;n;y;Fermented;EP1199;Human;B;EP1199 HumanB;EP1199 HumanB 94;HB1
95;BRK14;1;2;3;XylanSoybean;y;n;Fermented;XYL2EP100;Human;C;XYL2EP100 HumanC;XYL2EP100 HumanC 95;HB5
96;BRK16;1;1;1;RapeseedSeaweed;n;y;Fermented;EP1199;Human;C;EP1199 HumanC;EP1199 HumanC 96;HB1
97;BRK56;1;1;1;XylanRapeseedSeaweed;y;y;Fermented;XYL2EP1199;Human;A;XYL2EP1199 HumanA;XYL2EP1199 HumanA 97;HB3
98;BRK41;1;2;3;Soybean;n;n;Fermented;EP200;Human;A;EP200 HumanA;EP200 HumanA 98;B6M
99;BRK31;1;1;1;XylanRapeseedSeaweed;y;y;Fermented;XYL2EP1199;Human;B;XYL2EP1199 HumanB;XYL2EP1199 HumanB 99;HB2
100;BRK33;1;1;1;XylanRapeseedSeaweed;y;y;Fermented;XYL2EP1199;Human;B;XYL2EP1199 HumanB;XYL2EP1199 HumanB 100;HB2
101;BRK27;1;2;3;XylanRapeseedSeaweed;y;y;Fermented;XYL2EP1199;Human;C;XYL2EP1199 HumanC;XYL2EP1199 HumanC 101;HB5
102;BRK86;1;1;1;XylanRapeseed;y;y;Fermented;XYL2EP1199;Human;C;XYL2EP1199 HumanC;XYL2EP1199 HumanC 102;HB4
103;BRK85;1;1;1;XylanSoybean;y;n;Fermented;XYL2EP200;Human;A;XYL2EP200 HumanA;XYL2EP200 HumanA 103;HB4
104;BRK13;1;2;3;XylanSoybean;y;n;Fermented;XYL2EP200;Human;A;XYL2EP200 HumanA;XYL2EP200 HumanA 104;HB5
105;BRK3;1;1;1;XylanSoybean;y;n;Fermented;XYL2EP200;Human;B;XYL2EP200 HumanB;XYL2EP200 HumanB 105;HB1
106;BRK38;1;2;3;XylanSoybean;y;n;Fermented;XYL2EP200;Human;B;XYL2EP200 HumanB;XYL2EP200 HumanB 106;HB5
107;BRK37;1;2;3;XylanSoybean;y;n;Fermented;XYL2EP200;Human;C;XYL2EP200 HumanC;XYL2EP200 HumanC 107;HB5
108;BRK36;1;2;3;XylanSoybean;y;n;Fermented;XYL2EP200;Human;C;XYL2EP200 HumanC;XYL2EP200 HumanC 108;HB5
109;BRK26;1;2;3;XylanSoybeanSeaweed;y;y;Fermented;XYL2EP2299;Human;A;XYL2EP2299 HumanA;XYL2EP2299 HumanA 109;HB5
110;BRK2;1;1;1;XylanSoybeanSeaweed;y;y;Fermented;XYL2EP2299;Human;A;XYL2EP2299 HumanA;XYL2EP2299 HumanA 110;HB1
111;BRK84;1;1;1;XylanSoybean;y;y;Fermented;XYL2EP2299;Human;B;XYL2EP2299 HumanB;XYL2EP2299 HumanB 111;HB4
115;BRK1;1;2;3;XylanSoybean;y;n;Fermented;XYCEP100;Human;A;XYCEP100 HumanA;XYCEP100 HumanA 115;HB4
117;BRK65;1;1;1;XylanRapeseed;y;n;Fermented;XYCEP100;Human;B;XYCEP100 HumanB;XYCEP100 HumanB 117;HB3
118;BRK45;1;1;1;XylanRapeseed;y;n;Fermented;XYCEP100;Human;B;XYCEP100 HumanB;XYCEP100 HumanB 118;HB2
119;BRK51;1;1;1;XylanRapeseed;y;n;Fermented;XYCEP100;Human;C;XYCEP100 HumanC;XYCEP100 HumanC 119;HB2
120;BRK11;1;1;1;XylanRapeseed;y;n;Fermented;XYCEP100;Human;C;XYCEP100 HumanC;XYCEP100 HumanC 120;HB1
121;BRK92;1;1;1;XylanRapeseed;y;y;Fermented;XYLCEP1199;Human;A;XYLCEP1199 HumanA;XYLCEP1199 HumanA 121;HB4
122;BRK50;1;1;1;XylanRapeseedSeaweed;y;y;Fermented;XYLCEP1199;Human;A;XYLCEP1199 HumanA;XYLCEP1199 HumanA 122;HB2
123;BRK17;1;2;3;XylanRapeseedSeaweed;y;y;Fermented;XYLCEP1199;Human;B;XYLCEP1199 HumanB;XYLCEP1199 HumanB 123;HB5
124;BRK63;1;1;1;XylanRapeseedSeaweed;y;y;Fermented;XYLCEP1199;Human;B;XYLCEP1199 HumanB;XYLCEP1199 HumanB 124;HB3
125;BRK16;1;2;3;XylanRapeseedSeaweed;y;y;Fermented;XYLCEP1199;Human;C;XYLCEP1199 HumanC;XYLCEP1199 HumanC 125;HB5
126;BRK22;1;2;3;XylanRapeseedSeaweed;y;y;Fermented;XYLCEP1199;Human;C;XYLCEP1199 HumanC;XYLCEP1199 HumanC 126;HB5
127;BRK31;1;2;3;XylanSoybean;y;n;Fermented;XYLCEP200;Human;A;XYLCEP200 HumanA;XYLCEP200 HumanA 127;HB5
128;BRK49;1;1;1;XylanSoybean;y;n;Fermented;XYLCEP200;Human;A;XYLCEP200 HumanA;XYLCEP200 HumanA 128;HB2
129;BRK9;1;1;1;XylanSoybean;y;n;Fermented;XYLCEP200;Human;B;XYLCEP200 HumanB;XYLCEP200 HumanB 129;HB1
130;BRK2;1;2;3;XylanSoybean;y;n;Fermented;XYLCEP200;Human;B;XYLCEP200 HumanB;XYLCEP200 HumanB 130;HB4
131;BRK32;1;2;3;XylanSoybean;y;n;Fermented;XYLCEP200;Human;C;XYLCEP200 HumanC;XYLCEP200 HumanC 131;HB5
133;BRK13;1;1;1;XylanSoybeanSeaweed;y;y;Fermented;XYLCEP2299;Human;A;XYLCEP2299 HumanA;XYLCEP2299 HumanA 133;HB1
134;BRK66;1;1;1;XylanSoybeanSeaweed;y;y;Fermented;XYLCEP2299;Human;A;XYLCEP2299 HumanA;XYLCEP2299 HumanA 134;HB3
135;BRK62;1;1;1;XylanSoybeanSeaweed;y;y;Fermented;XYLCEP2299;Human;B;XYLCEP2299 HumanB;XYLCEP2299 HumanB 135;HB3
136;BRK93;1;1;1;XylanSoybeanSeaweed;y;y;Fermented;XYLCEP2299;Human;B;XYLCEP2299 HumanB;XYLCEP2299 HumanB 136;HB4
138;BRK64;1;1;1;XylanSoybeanSeaweed;y;y;Fermented;XYLCEP2299;Human;C;XYLCEP2299 HumanC;XYLCEP2299 HumanC 138;HB3
139;BRK173;2;1;2;Rapeseed;n;n;Unfermented;C100;Pig;A;C100 PigA;C100 PigA 139;B6M
140;BRK141;2;1;2;Rapeseed;n;n;Unfermented;C100;Pig;A;C100 PigA;C100 PigA 140;B4
141;BRK67;1;2;3;Rapeseed;n;n;Unfermented;C100;Pig;B;C100 PigB;C100 PigB 141;B1
142;BRK127;2;1;2;Rapeseed;n;n;Unfermented;C100;Pig;B;C100 PigB;C100 PigB 142;B4
143;BRK128;2;1;2;Rapeseed;n;n;Unfermented;C100;Pig;C;C100 PigC;C100 PigC 143;B4
144;BRK142;2;1;2;Rapeseed;n;n;Unfermented;C100;Pig;C;C100 PigC;C100 PigC 144;B4
145;BRK147;2;1;2;Rapeseed;n;n;Unfermented;C1199;Pig;A;C1199 PigA;C1199 PigA 145;B5
146;BRK101;2;1;2;Rapeseed;n;n;Unfermented;C1199;Pig;A;C1199 PigA;C1199 PigA 146;B3
147;BRK91;1;2;3;RapeseedSeaweed;n;y;Unfermented;C1199;Pig;B;C1199 PigB;C1199 PigB 147;B2
148;BRK169;2;1;2;Rapeseed;n;n;Unfermented;C1199;Pig;B;C1199 PigB;C1199 PigB 148;B6M
149;BRK146;2;1;2;Rapeseed;n;n;Unfermented;C1199;Pig;C;C1199 PigC;C1199 PigC 149;B5
150;BRK92;1;2;3;RapeseedSeaweed;n;y;Unfermented;C1199;Pig;C;C1199 PigC;C1199 PigC 150;B2
151;BRK183;2;1;2;Soybean;n;n;Unfermented;C200;Pig;A;C200 PigA;C200 PigA 151;B6M
153;BRK99;2;1;2;Soybean;n;n;Unfermented;C200;Pig;B;C200 PigB;C200 PigB 153;B3
154;BRK189;2;1;2;Soybean;n;n;Unfermented;C200;Pig;B;C200 PigB;C200 PigB 154;B6M
155;BRK184;2;1;2;Soybean;n;n;Unfermented;C200;Pig;C;C200 PigC;C200 PigC 155;B6M
156;BRK126;2;1;2;Soybean;n;n;Unfermented;C200;Pig;C;C200 PigC;C200 PigC 156;B4
157;BRK145;2;1;2;Soybean;n;n;Unfermented;C2299;Pig;A;C2299 PigA;C2299 PigA 157;B5
159;BRK171;2;1;2;Soybean;n;n;Unfermented;C2299;Pig;B;C2299 PigB;C2299 PigB 159;B6M
160;BRK159;2;1;2;Soybean;n;n;Unfermented;C2299;Pig;B;C2299 PigB;C2299 PigB 160;B5
161;BRK185;2;1;2;Soybean;n;n;Unfermented;C2299;Pig;C;C2299 PigC;C2299 PigC 161;B6M
162;BRK170;2;1;2;Soybean;n;n;Unfermented;C2299;Pig;C;C2299 PigC;C2299 PigC 162;B6M
163;BRK148;2;1;2;RapeseedSeaweed;n;y;Fermented;EP100;Pig;A;EP100 PigA;EP100 PigA 163;B5
164;BRK125;2;1;2;RapeseedSeaweed;n;y;Fermented;EP100;Pig;A;EP100 PigA;EP100 PigA 164;B4
165;BRK66;1;2;3;Rapeseed;n;n;Fermented;EP100;Pig;B;EP100 PigB;EP100 PigB 165;B1
167;BRK65;1;2;3;Rapeseed;n;n;Fermented;EP100;Pig;C;EP100 PigC;EP100 PigC 167;B1
168;BRK100;2;1;2;RapeseedSeaweed;n;y;Fermented;EP100;Pig;C;EP100 PigC;EP100 PigC 168;B3
169;BRK97;2;1;2;RapeseedSeaweed;n;y;Fermented;EP1199;Pig;A;EP1199 PigA;EP1199 PigA 169;B3
170;BRK70;1;2;3;RapeseedSeaweed;n;y;Fermented;EP1199;Pig;A;EP1199 PigA;EP1199 PigA 170;B1
171;BRK73;1;2;3;RapeseedSeaweed;n;y;Fermented;EP1199;Pig;B;EP1199 PigB;EP1199 PigB 171;B2
173;BRK69;1;2;3;RapeseedSeaweed;n;y;Fermented;EP1199;Pig;C;EP1199 PigC;EP1199 PigC 173;B1
174;BRK93;1;2;3;RapeseedSeaweed;n;y;Fermented;EP1199;Pig;C;EP1199 PigC;EP1199 PigC 174;B2
175;BRK161;2;1;2;Soybean;n;y;Fermented;EP200;Pig;A;EP200 PigA;EP200 PigA 175;B5
176;BRK158;2;1;2;Soybean;n;y;Fermented;EP200;Pig;A;EP200 PigA;EP200 PigA 176;B5
177;BRK122;2;1;2;SoybeanSeaweed;n;y;Fermented;EP200;Pig;B;EP200 PigB;EP200 PigB 177;B4
178;BRK123;2;1;2;SoybeanSeaweed;n;y;Fermented;EP200;Pig;B;EP200 PigB;EP200 PigB 178;B4
179;BRK186;2;1;2;SoybeanSeaweed;n;y;Fermented;EP200;Pig;C;EP200 PigC;EP200 PigC 179;B6M
180;BRK149;2;1;2;Soybean;n;y;Fermented;EP200;Pig;C;EP200 PigC;EP200 PigC 180;B5
181;BRK178;2;1;2;SoybeanSeaweed;n;y;Fermented;EP2299;Pig;A;EP2299 PigA;EP2299 PigA 181;B6M
182;BRK172;2;1;2;SoybeanSeaweed;n;y;Fermented;EP2299;Pig;A;EP2299 PigA;EP2299 PigA 182;B6M
183;BRK151;2;1;2;Soybean;n;y;Fermented;EP2299;Pig;B;EP2299 PigB;EP2299 PigB 183;B5
184;BRK150;2;1;2;Soybean;n;y;Fermented;EP2299;Pig;B;EP2299 PigB;EP2299 PigB 184;B5
185;BRK98;2;1;2;SoybeanSeaweed;n;y;Fermented;EP2299;Pig;C;EP2299 PigC;EP2299 PigC 185;B3
186;BRK124;2;1;2;RapeseedSeaweed;n;y;Fermented;EP100;Pig;C;EP100 PigC;EP100 PigC 186;B1
186;BRK68;1;2;3;SoybeanSeaweed;n;y;Fermented;EP2299;Pig;C;EP2299 PigC;EP2299 PigC 186;B1
187;BRK59;1;2;3;Xylan;y;n;Xylan;XYL1;Pig;C;XYL1  PigC;XYL1  PigC 187;B1
188;BRK62;1;2;3;Xylan;y;n;Xylan;XYL1;Pig;A;Xyl1 PigA;Xyl1 PigA 188;B1
189;BRK163;2;1;2;Xylan;y;n;Xylan;XYL1;Pig;B;XYL1 PigB;XYL1 PigB 189;B5
190;BRK181;2;1;2;Xylan;y;n;Xylan;XYL1;Pig;B;XYL1 PigB;XYL1 PigB 190;B6M
191;BRK60;1;2;3;Xylan;y;n;Xylan;XYL1;Pig;C;XYL1  PigC;XYL1  PigC 191;B1
192;BRK176;2;1;2;Xylan;y;n;Xylan;XYL1;Pig;C;XYL1 PigC;XYL1 PigC 192;B6M
193;BRK154;2;1;2;Xylan;y;n;Xylan;XYL2;Pig;A;XYL2 PigA;XYL2 PigA 193;B5
194;BRK49;1;2;3;Xylan;y;n;Xylan;XYL2;Pig;A;XYL2 PigA;XYL2 PigA 194;B1
195;BRK51;1;2;3;Xylan;y;n;Xylan;XYL2;Pig;B;XYL2 PigB;XYL2 PigB 195;B1
196;BRK50;1;2;3;Xylan;y;n;Xylan;XYL2;Pig;B;XYL2 PigB;XYL2 PigB 196;B1
197;BRK153;2;1;2;Xylan;y;n;Xylan;XYL2;Pig;C;XYL2 PigC;XYL2 PigC 197;B5
198;BRK79;1;2;3;Xylan;y;n;Xylan;XYL2;Pig;C;XYL2 PigC;XYL2 PigC 198;B2
199;BRK85;1;2;3;Xylan;y;n;Xylan;XYLC;Pig;A;XYLC PigA;XYLC PigA 199;B2
200;BRK74;1;2;3;Xylan;y;n;Xylan;XYLC;Pig;A;XYLC PigA;XYLC PigA 200;B2
201;BRK140;2;1;2;Xylan;y;n;Xylan;XYLC;Pig;B;XYL Control PigB;XYL Control PigB 201;B4
202;BRK139;2;1;2;Xylan;y;n;Xylan;XYLC;Pig;B;XYL Control PigB;XYL Control PigB 202;B4
203;BRK86;1;2;3;Xylan;y;n;Xylan;XYLC;Pig;C;XYLC PigC;XYLC PigC 203;B2
204;BRK162;2;1;2;Xylan;y;n;Xylan;XYLC;Pig;C;XYLC PigC;XYLC PigC 204;B5
205;BRK64;1;2;3;XylanSoybean;y;n;Fermented;XYL1EP100;Pig;A;XYL1 EP100 PigA;XYL1 EP100 PigA 205;B1
206;BRK160;2;1;2;XylanRapeseed;y;y;Fermented;XYL1EP100;Pig;A;XYL1 EP100 PigA;XYL1 EP100 PigA 206;B5
207;BRK180;2;1;2;XylanRapeseedSeaweed;y;y;Fermented;XYL1EP100;Pig;B;XYL1 EP100 PigB;XYL1 EP100 PigB 207;B6M
208;BRK105;2;1;2;XylanRapeseedSeaweed;y;y;Fermented;XYL1EP100;Pig;B;XYL1 EP100 PigB;XYL1 EP100 PigB 208;B3
209;BRK63;1;2;3;XylanSoybean;y;n;Fermented;XYL1EP100;Pig;C;XYL1 EP100 PigC;XYL1 EP100 PigC 209;B1
210;BRK110;2;1;2;XylanRapeseedSeaweed;y;y;Fermented;XYL1EP100;Pig;C;XYL1 EP100 PigC;XYL1 EP100 PigC 210;B3
211;BRK134;2;1;2;XylanRapeseedSeaweed;y;y;Fermented;XYL1EP1199;Pig;A;XYL1 EP1199 PigA;XYL1 EP1199 PigA 211;B4
212;BRK177;2;1;2;XylanRapeseedSeaweed;y;y;Fermented;XYL1EP1199;Pig;A;XYL1 EP1199 PigA;XYL1 EP1199 PigA 212;B6M
213;BRK108;2;1;2;XylanRapeseedSeaweed;y;y;Fermented;XYL1EP1199;Pig;B;XYL1 EP1199 PigB;XYL1 EP1199 PigB 213;B3
214;BRK106;2;1;2;XylanRapeseedSeaweed;y;y;Fermented;XYL1EP1199;Pig;B;XYL1 EP1199 PigB;XYL1 EP1199 PigB 214;B3
215;BRK109;2;1;2;XylanRapeseedSeaweed;y;y;Fermented;XYL1EP1199;Pig;C;XYL1 EP1199 PigC;XYL1 EP1199 PigC 215;B3
216;BRK112;2;1;2;XylanRapeseedSeaweed;y;y;Fermented;XYL1EP1199;Pig;C;XYL1 EP1199 PigC;XYL1 EP1199 PigC 216;B3
217;BRK84;1;2;3;XylanSoybean;y;n;Fermented;XYL1EP200;Pig;A;XYL1 EP200 PigA;XYL1 EP200 PigA 217;B2
219;BRK58;1;2;3;XylanSoybean;y;n;Fermented;XYL1EP200;Pig;B;XYL1 EP200 PigB;XYL1 EP200 PigB 219;B1
221;BRK111;2;1;2;XylanSoybeanSeaweed;y;y;Fermented;XYL1EP200;Pig;C;XYL1 EP200 PigC;XYL1 EP200 PigC 221;B3
222;BRK57;1;2;3;XylanSoybean;y;n;Fermented;XYL1EP200;Pig;C;XYL1 EP200 PigC;XYL1 EP200 PigC 222;B1
223;BRK164;2;1;2;XylanSoybean;y;y;Fermented;XYL1EP2299;Pig;A;XYL1 EP2299 PigA;XYL1 EP2299 PigA 223;B5
225;BRK83;1;2;3;XylanSoybeanSeaweed;y;y;Fermented;XYL1EP2299;Pig;B;XYL1 EP2299 PigB;XYL1 EP2299 PigB 225;B2
226;BRK107;2;1;2;XylanSoybeanSeaweed;y;y;Fermented;XYL1EP2299;Pig;B;XYL1 EP2299 PigB;XYL1 EP2299 PigB 226;B3
227;BRK133;2;1;2;XylanSoybeanSeaweed;y;y;Fermented;XYL1EP2299;Pig;C;XYL1 EP2299 PigC;XYL1 EP2299 PigC 227;B4
228;BRK82;1;2;3;XylanSoybeanSeaweed;y;y;Fermented;XYL1EP2299;Pig;C;XYL1 EP2299 PigC;XYL1 EP2299 PigC 228;B2
229;BRK131;2;1;2;XylanRapeseedSeaweed;y;y;Fermented;XYL2EP100;Pig;A;XYL2EP100 PigA;XYL2EP100 PigA 229;B4
230;BRK156;2;1;2;XylanRapeseed;y;y;Fermented;XYL2EP100;Pig;A;XYL2EP100 PigA;XYL2EP100 PigA 230;B1
230;BRK61;1;2;3;XylanSoybean;y;n;Fermented;XYL2EP100;Pig;A;XYL2EP100 PigA;XYL2EP100 PigA 230;B5
231;BRK54;1;2;3;XylanSoybean;y;n;Fermented;XYL2EP100;Pig;B;XYL2EP100 PigB;XYL2EP100 PigB 231;B1
232;BRK132;2;1;2;XylanRapeseedSeaweed;y;y;Fermented;XYL2EP100;Pig;B;XYL2EP100 PigB;XYL2EP100 PigB 232;B4
233;BRK102;2;1;2;XylanRapeseedSeaweed;y;y;Fermented;XYL2EP100;Pig;C;XYL2EP100 PigC;XYL2EP100 PigC 233;B3
234;BRK155;2;1;2;XylanRapeseed;y;y;Fermented;XYL2EP100;Pig;C;XYL2EP100 PigC;XYL2EP100 PigC 234;B5
235;BRK56;1;2;3;XylanRapeseedSeaweed;y;y;Fermented;XYL2EP1199;Pig;A;XYL2EP1199 PigA;XYL2EP1199 PigA 235;B1
236;BRK152;2;1;2;XylanRapeseed;y;y;Fermented;XYL2EP1199;Pig;A;XYL2EP1199 PigA;XYL2EP1199 PigA 236;B5
237;BRK157;2;1;2;XylanRapeseed;y;y;Fermented;XYL2EP1199;Pig;B;XYL2EP1199 PigB;XYL2EP1199 PigB 237;B5
238;BRK129;2;1;2;XylanRapeseedSeaweed;y;y;Fermented;XYL2EP1199;Pig;B;XYL2EP1199 PigB;XYL2EP1199 PigB 238;B4
239;BRK103;2;1;2;XylanRapeseedSeaweed;y;y;Fermented;XYL2EP1199;Pig;C;XYL2EP1199 PigC;XYL2EP1199 PigC 239;B3
240;BRK78;1;2;3;XylanRapeseedSeaweed;y;y;Fermented;XYL2EP1199;Pig;C;XYL2EP1199 PigC;XYL2EP1199 PigC 240;B2
241;BRK104;2;1;2;XylanSoybeanSeaweed;y;y;Fermented;XYL2EP200;Pig;A;XYL2EP200 PigA;XYL2EP200 PigA 241;B3
242;BRK52;1;2;3;XylanSoybean;y;n;Fermented;XYL2EP200;Pig;A;XYL2EP200 PigA;XYL2EP200 PigA 242;B1
243;BRK53;1;2;3;XylanSoybean;y;n;Fermented;XYL2EP200 ;Pig;B;XYL2EP200  PigB;XYL2EP200  PigB 243;B1
244;BRK175;2;1;2;XylanSoybeanSeaweed;y;y;Fermented;XYL2EP200;Pig;B;XYL2EP200 PigB;XYL2EP200 PigB 244;B6M
245;BRK174;2;1;2;XylanSoybeanSeaweed;y;y;Fermented;XYL2EP200;Pig;C;XYL2EP200 PigC;XYL2EP200 PigC 245;B6M
246;BRK81;1;2;3;XylanSoybean;y;n;Fermented;XYL2EP200;Pig;C;XYL2EP200 PigC;XYL2EP200 PigC 246;B2
247;BRK179;2;1;2;XylanSoybeanSeaweed;y;y;Fermented;XYL2EP2299;Pig;A;XYL2EP2299 PigA;XYL2EP2299 PigA 247;B6M
249;BRK55;1;2;3;XylanSoybean;y;;Fermented;XYL2EP2299;Pig;B;XYL2EP2299 PigB;XYL2EP2299 PigB 249;B1
250;BRK130;2;1;2;XylanSoybeanSeaweed;y;y;Fermented;XYL2EP2299;Pig;B;XYL2EP2299 PigB;XYL2EP2299 PigB 250;B4
251;BRK187;2;1;2;XylanSoybeanSeaweed;y;y;Fermented;XYL2EP2299;Pig;C;XYL2EP2299 PigC;XYL2EP2299 PigC 251;B6M
252;BRK80;1;2;3;XylanSoybeanSeaweed;y;y;Fermented;XYL2EP2299;Pig;C;XYL2EP2299 PigC;XYL2EP2299 PigC 252;B2
253;BRK88;1;2;3;XylanSoybean;y;n;Fermented;XYLCEP100;Pig;A;XYLCEP100 PigA;XYLCEP100 PigA 253;B2
254;BRK136;2;1;2;XylanRapeseedSeaweed;y;y;Fermented;XYLCEP100;Pig;A;XYLCEP100 PigA;XYLCEP100 PigA 254;B4
255;BRK75;1;2;3;XylanSoybean;y;n;Fermented;XYLCEP100;Pig;B;XYLCEP100 PigB;XYLCEP100 PigB 255;B2
256;BRK89;1;2;3;XylanSoybean;y;n;Fermented;XYLCEP100;Pig;B;XYLCEP100 PigB;XYLCEP100 PigB 256;B2
257;BRK87;1;2;3;XylanSoybean;y;n;Fermented;XYLCEP100;Pig;C;XYLCEP100 PigC;XYLCEP100 PigC 257;B2
258;BRK121;2;1;2;XylanRapeseedSeaweed;y;y;Fermented;XYLCEP100;Pig;C;XYLCEP100 PigC;XYLCEP100 PigC 258;B4
259;BRK117;2;1;2;XylanRapeseedSeaweed;y;y;Fermented;XYLCEP1199;Pig;A;XYLCEP1199 PigA;XYLCEP1199 PigA 259;B3
260;BRK114;2;1;2;XylanRapeseedSeaweed;y;y;Fermented;XYLCEP1199;Pig;A;XYLCEP1199 PigA;XYLCEP1199 PigA 260;B3
261;BRK113;2;1;2;XylanRapeseedSeaweed;y;y;Fermented;XYLCEP1199;Pig;B;XYLCEP1199 PigB;XYLCEP1199 PigB 261;B3
262;BRK77;1;2;3;XylanRapeseedSeaweed;y;y;Fermented;XYLCEP1199;Pig;B;XYLCEP1199 PigB;XYLCEP1199 PigB 262;B2
263;BRK137;2;1;2;XylanRapeseedSeaweed;y;y;Fermented;XYLCEP1199;Pig;C;XYLCEP1199 PigC;XYLCEP1199 PigC 263;B4
264;BRK135;2;1;2;XylanRapeseedSeaweed;y;y;Fermented;XYLCEP1199;Pig;C;XYLCEP1199 PigC;XYLCEP1199 PigC 264;B4
265;BRK188;2;1;2;XylanSoybeanSeaweed;y;y;Fermented;XYLCEP200;Pig;A;XYLCEP200 PigA;XYLCEP200 PigA 265;B6M
266;BRK166;2;1;2;XylanRapeseedSeaweed;y;y;Fermented;XYLCEP200;Pig;A;XYLCEP200 PigA;XYLCEP200 PigA 266;B5
267;BRK116;2;1;2;XylanSoybeanSeaweed;y;y;Fermented;XYLCEP200;Pig;B;XYLCEP200 PigB;XYLCEP200 PigB 267;B3
269;BRK90;1;2;3;XylanRapeseedSeaweed;y;y;Fermented;XYLCEP1199;Pig;C;XYLCEP1199 PigC;XYLCEP1199 PigC 269;B2
271;BRK165;2;1;2;XylanSoybean;y;y;Fermented;XYLCEP2299;Pig;A;XYLCEP2299 PigA;XYLCEP2299 PigA 271;B5
272;BRK182;2;1;2;XylanSoybeanSeaweed;y;y;Fermented;XYLCEP2299;Pig;A;XYLCEP2299 PigA;XYLCEP2299 PigA 272;B6M
273;BRK115;2;1;2;XylanSoybeanSeaweed;y;y;Fermented;XYLCEP2299;Pig;B;XYLCEP2299 PigB;XYLCEP2299 PigB 273;B3
274;BRK118;2;1;2;XylanSoybeanSeaweed;y;y;Fermented;XYLCEP2299;Pig;B;XYLCEP2299 PigB;XYLCEP2299 PigB 274;B3
275;BRK76;1;2;3;XylanSoybeanSeaweed;y;y;Fermented;XYLCEP2299;Pig;C;XYLCEP2299 PigC;XYLCEP2299 PigC 275;B2
276;BRK138;2;1;2;XylanSoybeanSeaweed;y;y;Fermented;XYLCEP2299;Pig;C;XYLCEP2299 PigC;XYLCEP2299 PigC 276;B4
1n;BRK23;1;1;1;NEGATIVE;NEGATIVE;n;Unfermented;NEGATIVE;NEGATIVE;NEGATIVE;NEGATIVE NEGATIVENEGATIVE;NEGATIVE NEGATIVENEGATIVE 1n;
1p;BRK24;1;1;1;POSTIVE;POSTIVE;n;Unfermented;POSITIVE;POSTIVE;POSTIVE;POSITIVE POSTIVEPOSTIVE;POSITIVE POSTIVEPOSTIVE 1p;
2n;BRK47;1;1;1;NEGATIVE;NEGATIVE;NEGATIVE;NEGATIVE;NEGATIVE;NEGATIVE;NEGATIVE;NEGATIVE NEGATIVENEGATIVE;NEGATIVE NEGATIVENEGATIVE 2n;
2p;BRK48;1;1;1;POSTIVE;POSTIVE;POSTIVE;POSTIVE;POSITIVE;POSTIVE;POSTIVE;POSITIVE POSTIVEPOSTIVE;POSITIVE POSTIVEPOSTIVE 2p;
3n;BRK71;1;1;1;NEGATIVE;NEGATIVE;NEGATIVE;NEGATIVE;NEGATIVE;NEGATIVE;NEGATIVE;NEGATIVE NEGATIVENEGATIVE;NEGATIVE NEGATIVENEGATIVE 3n;
3p;BRK72;1;1;1;POSTIVE;POSTIVE;POSTIVE;POSTIVE;POSITIVE;POSTIVE;POSTIVE;POSITIVE POSTIVEPOSTIVE;POSITIVE POSTIVEPOSTIVE 3p;
4n;BRK95;1;1;1;NEGATIVE;NEGATIVE;NEGATIVE;NEGATIVE;NEGATIVE;NEGATIVE;NEGATIVE;NEGATIVE NEGATIVENEGATIVE;NEGATIVE NEGATIVENEGATIVE 4n;
4p;BRK96;1;1;1;POSTIVE;POSTIVE;POSTIVE;POSTIVE;POSITIVE;POSTIVE;POSTIVE;POSITIVE POSTIVEPOSTIVE;POSITIVE POSTIVEPOSTIVE 4p;
5n;BRK23;1;2;3;NEGATIVE;NEGATIVE;NEGATIVE;NEGATIVE;NEGATIVE;NEGATIVE;NEGATIVE;NEGATIVE NEGATIVENEGATIVE;NEGATIVE NEGATIVENEGATIVE 5n;
5p;BRK24;1;2;3;POSTIVE;POSTIVE;POSTIVE;POSTIVE;POSITIVE;POSTIVE;POSTIVE;POSITIVE POSTIVEPOSTIVE;POSITIVE POSTIVEPOSTIVE 5p;
6n;BRK47;1;2;3;NEGATIVE;NEGATIVE;NEGATIVE;NEGATIVE;NEGATIVE;NEGATIVE;NEGATIVE;NEGATIVE NEGATIVENEGATIVE;NEGATIVE NEGATIVENEGATIVE 6n;
6p;BRK48;1;2;3;POSTIVE;POSTIVE;POSTIVE;POSTIVE;POSITIVE;POSTIVE;POSTIVE;POSITIVE POSTIVEPOSTIVE;POSITIVE POSTIVEPOSTIVE 6p;
P1N;BRK71;1;2;3;NEGATIVE;NEGATIVE;NEGATIVE;NEGATIVE;NEGATIVE;NEGATIVE;NEGATIVE;NEGATIVE NEGATIVENEGATIVE;NEGATIVE NEGATIVENEGATIVE P1N;
P1P;BRK72;1;2;3;POSTIVE;POSTIVE;POSTIVE;POSTIVE;POSITIVE;POSTIVE;POSTIVE;POSITIVE POSTIVEPOSTIVE;POSITIVE POSTIVEPOSTIVE P1P;
P2N;BRK95;1;2;3;NEGATIVE;NEGATIVE;NEGATIVE;NEGATIVE;NEGATIVE;NEGATIVE;NEGATIVE;NEGATIVE NEGATIVENEGATIVE;NEGATIVE NEGATIVENEGATIVE P2N;
P2P;BRK96;1;2;3;POSTIVE;POSTIVE;POSTIVE;POSTIVE;POSITIVE;POSTIVE;POSTIVE;POSITIVE POSTIVEPOSTIVE;POSITIVE POSTIVEPOSTIVE P2P;
P3N;BRK119;2;1;2;NEGATIVE;NEGATIVE;NEGATIVE;NEGATIVE;NEGATIVE;NEGATIVE;NEGATIVE;NEGATIVE NEGATIVENEGATIVE;NEGATIVE NEGATIVENEGATIVE P3N;
P3P;BRK120;2;1;2;POSTIVE;POSTIVE;POSTIVE;POSTIVE;POSITIVE;POSTIVE;POSTIVE;POSITIVE POSTIVEPOSTIVE;POSITIVE POSTIVEPOSTIVE P3P;
P4N;BRK143;2;1;2;NEGATIVE;NEGATIVE;NEGATIVE;NEGATIVE;NEGATIVE;NEGATIVE;NEGATIVE;NEGATIVE NEGATIVENEGATIVE;NEGATIVE NEGATIVENEGATIVE P4N;
P4P;BRK144;2;1;2;POSTIVE;POSTIVE;POSTIVE;POSTIVE;POSITIVE;POSTIVE;POSTIVE;POSITIVE POSTIVEPOSTIVE;POSITIVE POSTIVEPOSTIVE P4P;
P5N;BRK167;2;1;2;NEGATIVE;NEGATIVE;NEGATIVE;NEGATIVE;NEGATIVE;NEGATIVE;NEGATIVE;NEGATIVE NEGATIVENEGATIVE;NEGATIVE NEGATIVENEGATIVE P5N;
P5P;BRK168;2;1;2;POSTIVE;POSTIVE;POSTIVE;POSTIVE;POSITIVE;POSTIVE;POSTIVE;POSITIVE POSTIVEPOSTIVE;POSITIVE POSTIVEPOSTIVE P5P;
P6N;BRK191;2;1;2;NEGATIVE;NEGATIVE;NEGATIVE;NEGATIVE;NEGATIVE;NEGATIVE;NEGATIVE;NEGATIVE NEGATIVENEGATIVE;NEGATIVE NEGATIVENEGATIVE P6N;
P6P;BRK192;2;1;2;POSTIVE;POSTIVE;POSTIVE;POSTIVE;POSITIVE;POSTIVE;POSTIVE;POSITIVE POSTIVEPOSTIVE;POSITIVE POSTIVEPOSTIVE P6P;
PCR C;BRK94;1;1;1;PCRCON;PCRCON;PCRCON;PCRCON;PCRCON;PCRCON;PCRCON;PCRCON PCRCONPCRCON;PCRCON PCRCONPCRCON PCR C;
PCR C;BRK190;2;1;2;PCRCON;PCRCON;PCRCON;PCRCON;PCRCON;PCRCON;PCRCON;PCRCON PCRCONPCRCON;PCRCON PCRCONPCRCON PCR C;
PCR C;BRK94;1;2;3;PCRCON;PCRCON;PCRCON;PCRCON;PCRCON;PCRCON;PCRCON;PCRCON PCRCONPCRCON;PCRCON PCRCONPCRCON PCR C;
277;BRK01;1;3;4;HFEC;n;n;DAYZERO;NONE;Human;A1;DAYZERO HumanA1;DAYZERO HumanA1 277;277
278;BRK02;1;3;4;HFEC;n;n;DAYZERO;NONE;Human;A2;DAYZERO HumanA2;DAYZERO HumanA2 278;278
279;BRK03;1;3;4;HFEC;n;n;DAYZERO;NONE;Human;B1;DAYZERO HumanB1;DAYZERO HumanB1 279;279
280;BRK04;1;3;4;HFEC;n;n;DAYZERO;NONE;Human;B2;DAYZERO HumanB2;DAYZERO HumanB2 280;280
281;BRK05;1;3;4;HFEC;n;n;DAYZERO;NONE;Human;C1;DAYZERO HumanC1;DAYZERO HumanC1 281;281
282;BRK06;1;3;4;HFEC;n;n;DAYZERO;NONE;Human;C2;DAYZERO HumanC2;DAYZERO HumanC2 282;282
283;BRK07;1;3;4;PFEC;n;n;DAYZERO;NONE;Pig;A1;DAYZERO PigA1;DAYZERO PigA1 283;283
284;BRK08;1;3;4;PFEC;n;n;DAYZERO;NONE;Pig;A2;DAYZERO PigA2;DAYZERO PigA2 284;284
285;BRK09;1;3;4;PFEC;n;n;DAYZERO;NONE;Pig;B1;DAYZERO PigB1;DAYZERO PigB1 285;285
286;BRK10;1;3;4;PFEC;n;n;DAYZERO;NONE;Pig;B2;DAYZERO PigB2;DAYZERO PigB2 286;286
287;BRK11;1;3;4;PFEC;n;n;DAYZERO;NONE;Pig;C1;DAYZERO PigC1;DAYZERO PigC1 287;287
288;BRK12;1;3;4;PFEC;n;n;DAYZERO;NONE;Pig;C2;DAYZERO PigC2;DAYZERO PigC2 288;288
289;BRK13;1;3;4;Rapeseed;n;n;DAYZERO;EP100;NONE1;NONE1;EP100 NONE1;EP100 NONE1 289;289
290;BRK14;1;3;4;Rapeseed;n;n;DAYZERO;EP100;NONE2;NONE2;EP100 NONE2;EP100 NONE2 290;290
291;BRK15;1;3;4;Soybean;n;n;DAYZERO;EP200;NONE1;NONE1;EP200 NONE1;EP200 NONE1 291;291
292;BRK16;1;3;4;Soybean;n;n;DAYZERO;EP200;NONE2;NONE2;EP200 NONE2;EP200 NONE2 292;292
293;BRK17;1;3;4;Rapeseed;n;y;DAYZERO;EP1199;NONE1;NONE1;EP1199 NONE1;EP1199 NONE1 293;293
294;BRK18;1;3;4;Rapeseed;n;y;DAYZERO;EP1199;NONE2;NONE2;EP1199 NONE2;EP1199 NONE2 294;294
295;BRK19;1;3;4;Soybean;n;y;DAYZERO;EP2299;NONE1;NONE1;EP2299 NONE1;EP2299 NONE1 295;295
296;BRK20;1;3;4;Soybean;n;y;DAYZERO;EP2299;NONE2;NONE2;EP2299 NONE2;EP2299 NONE2 296;296
297;BRK21;1;3;4;POSTIVE;n;n;DAYZERO;POSITIVE;NONE;NONE;POSITIVE NONE;POSITIVE NONE 297;297
298;BRK22;1;3;4;NEGATIVE;n;n;DAYZERO;NEGATIVE;NONE;NONE;NEGATIVE NONE;NEGATIVE NONE 298;298
299;BRK23;1;3;4;PCRCON;n;n;DAYZERO;PCRCON;NONE1;NONE1;PCRCON NONE1;PCRCON NONE1 299;299
300;BRK24;1;3;4;PCRCON;n;n;DAYZERO;PCRCON;NONE2;NONE2;PCRCON NONE2;PCRCON NONE2 300;300
